workload,target_freq,estimator,time_predicted,energy_predicted,walltime
gpt2model_gpt2_pbf16_b8_s128_modeprefill.json,510,gee,14.71012714903271,0.9943504021292726,1.911273002624512
gpt2model_gpt2_pbf16_b8_s128_modeprefill.json,555,gee,13.669901986582095,0.947316089697204,1.844642162322998
gpt2model_gpt2_pbf16_b8_s128_modeprefill.json,600,gee,12.78520240529874,0.9074613653427336,1.824814796447754
gpt2model_gpt2_pbf16_b8_s128_modeprefill.json,645,gee,12.024169277913463,0.8732064048196144,1.836592197418213
gpt2model_gpt2_pbf16_b8_s128_modeprefill.json,690,gee,11.362092278404347,0.8467213928621868,1.8940908908843996
gpt2model_gpt2_pbf16_b8_s128_modeprefill.json,735,gee,10.815121969572328,0.8257755615373621,1.8352441787719729
gpt2model_gpt2_pbf16_b8_s128_modeprefill.json,780,gee,10.332361895849273,0.8033984111415817,1.819907665252685
gpt2model_gpt2_pbf16_b8_s128_modeprefill.json,825,gee,9.902657786460152,0.7895262154464426,1.8369779586791992
gpt2model_gpt2_pbf16_b8_s128_modeprefill.json,870,gee,9.51644564889054,0.7742357756625634,1.8261489868164065
gpt2model_gpt2_pbf16_b8_s128_modeprefill.json,915,gee,9.168933548591813,0.7677160226369053,1.82122802734375
gpt2model_gpt2_pbf16_b8_s128_modeprefill.json,960,gee,8.861668711011966,0.7502990608847375,1.8253848552703855
gpt2model_gpt2_pbf16_b8_s128_modeprefill.json,1005,gee,8.583752771215039,0.7385651267383663,1.8725948333740237
gpt2model_gpt2_pbf16_b8_s128_modeprefill.json,1050,gee,8.331521680218385,0.7453574439892794,1.8328609466552732
gpt2model_gpt2_pbf16_b8_s128_modeprefill.json,1095,gee,8.097537409169668,0.7524753717136871,1.8286490440368648
gpt2model_gpt2_pbf16_b8_s128_modeprefill.json,1140,gee,7.883230478896639,0.7653195240624369,1.8438971042633057
gpt2model_gpt2_pbf16_b8_s128_modeprefill.json,1185,gee,7.685659400933187,0.7803102959071803,1.8286168575286863
gpt2model_gpt2_pbf16_b8_s128_modeprefill.json,1230,gee,7.5021896376295425,0.8101578195527803,1.8459489345550537
gpt2model_gpt2_pbf16_b8_s128_modeprefill.json,1275,gee,7.332444628324488,0.8369432658300652,1.8146979808807373
gpt2model_gpt2_pbf16_b8_s128_modeprefill.json,1320,gee,7.172386080451398,0.8863035767983278,1.8825373649597168
gpt2model_gpt2_pbf16_b8_s128_modeprefill.json,1365,gee,7.024310215958088,0.927560331624921,1.8164160251617432
gpt2model_gpt2_pbf16_b8_s128_modeprefill.json,1410,gee,6.886790174127753,0.9808269723979512,1.8402628898620603
gpt2model_gpt2_pbf16_b32_s512_modeprefill.json,510,gee,89.99817586620719,11.6476574991956,1.8121180534362795
gpt2model_gpt2_pbf16_b32_s512_modeprefill.json,555,gee,85.40092155809421,11.440980881873587,1.8033959865570068
gpt2model_gpt2_pbf16_b32_s512_modeprefill.json,600,gee,81.53030877801406,11.272968777261916,1.817350149154663
gpt2model_gpt2_pbf16_b32_s512_modeprefill.json,645,gee,78.20374884229626,11.129161500170545,1.8662571907043457
gpt2model_gpt2_pbf16_b32_s512_modeprefill.json,690,gee,75.30551460682642,11.02598420256184,1.8257803916931152
gpt2model_gpt2_pbf16_b32_s512_modeprefill.json,735,gee,72.76531478739834,10.93728568109636,1.8049800395965576
gpt2model_gpt2_pbf16_b32_s512_modeprefill.json,780,gee,70.51691043420306,10.83274491037508,1.837141036987305
gpt2model_gpt2_pbf16_b32_s512_modeprefill.json,825,gee,68.53306749027911,10.782455797656445,1.7982409000396729
gpt2model_gpt2_pbf16_b32_s512_modeprefill.json,870,gee,66.74459023066751,10.71809306642469,1.8193793296813965
gpt2model_gpt2_pbf16_b32_s512_modeprefill.json,915,gee,65.14312060447216,10.712798166610687,1.7934629917144775
gpt2model_gpt2_pbf16_b32_s512_modeprefill.json,960,gee,63.697520421356224,10.624625536821156,1.8636627197265625
gpt2model_gpt2_pbf16_b32_s512_modeprefill.json,1005,gee,62.36366444469642,10.57205896818772,1.8416430950164795
gpt2model_gpt2_pbf16_b32_s512_modeprefill.json,1050,gee,61.17013362239452,10.817165596338354,1.840916872024536
gpt2model_gpt2_pbf16_b32_s512_modeprefill.json,1095,gee,60.0400436648371,11.064595907339726,1.8086042404174805
gpt2model_gpt2_pbf16_b32_s512_modeprefill.json,1140,gee,59.01597905983128,11.357249448975177,1.8074901103973389
gpt2model_gpt2_pbf16_b32_s512_modeprefill.json,1185,gee,58.076099585361966,11.7546104006292,1.8161468505859373
gpt2model_gpt2_pbf16_b32_s512_modeprefill.json,1230,gee,57.20579348813353,12.359075286196235,1.8115332126617432
gpt2model_gpt2_pbf16_b32_s512_modeprefill.json,1275,gee,56.419640355820405,12.952728413758813,1.8794991970062256
gpt2model_gpt2_pbf16_b32_s512_modeprefill.json,1320,gee,55.66038640448448,13.825208558210129,1.8044300079345703
gpt2model_gpt2_pbf16_b32_s512_modeprefill.json,1365,gee,54.971418958345865,14.654606668151272,1.825955152511597
gpt2model_gpt2_pbf16_b32_s512_modeprefill.json,1410,gee,54.342052329775925,15.59755163879824,1.8126499652862549
qwen2model_qwen2-1p5b_pbf16_b1_s128_modeprefill.json,510,gee,43.08234479688628,2.666978200600452,2.30660080909729
qwen2model_qwen2-1p5b_pbf16_b1_s128_modeprefill.json,555,gee,39.76704491845941,2.519848395986139,2.2697269916534424
qwen2model_qwen2-1p5b_pbf16_b1_s128_modeprefill.json,600,gee,36.94844726063063,2.395133360795334,2.2819600105285645
qwen2model_qwen2-1p5b_pbf16_b1_s128_modeprefill.json,645,gee,34.52339891005336,2.2878742409162167,2.338427782058716
qwen2model_qwen2-1p5b_pbf16_b1_s128_modeprefill.json,690,gee,32.414300720413564,2.204001351216257,2.310825824737549
qwen2model_qwen2-1p5b_pbf16_b1_s128_modeprefill.json,735,gee,30.563663105416868,2.130521568495214,2.284619808197021
qwen2model_qwen2-1p5b_pbf16_b1_s128_modeprefill.json,780,gee,28.9264762228783,2.0543295552075844,2.567883014678955
qwen2model_qwen2-1p5b_pbf16_b1_s128_modeprefill.json,825,gee,27.59060385337498,2.008983211071348,2.316362142562866
qwen2model_qwen2-1p5b_pbf16_b1_s128_modeprefill.json,870,gee,26.437689443067523,1.9625026653906323,2.27170991897583
qwen2model_qwen2-1p5b_pbf16_b1_s128_modeprefill.json,915,gee,25.40171918115444,1.9407610368809045,2.273724317550659
qwen2model_qwen2-1p5b_pbf16_b1_s128_modeprefill.json,960,gee,24.479286138313785,1.8890163840693848,2.4173569679260254
qwen2model_qwen2-1p5b_pbf16_b1_s128_modeprefill.json,1005,gee,23.67635170702267,1.8548530697370245,2.276906013488769
qwen2model_qwen2-1p5b_pbf16_b1_s128_modeprefill.json,1050,gee,22.95156751365258,1.8646396063807469,2.3358020782470703
qwen2model_qwen2-1p5b_pbf16_b1_s128_modeprefill.json,1095,gee,22.30477921028996,1.8765110901500937,2.289568901062012
qwen2model_qwen2-1p5b_pbf16_b1_s128_modeprefill.json,1140,gee,21.712722823116003,1.904055398259472,2.275541067123413
qwen2model_qwen2-1p5b_pbf16_b1_s128_modeprefill.json,1185,gee,21.16890081750858,1.933523797562256,2.2755188941955566
qwen2model_qwen2-1p5b_pbf16_b1_s128_modeprefill.json,1230,gee,20.66427627678448,1.9995321745797825,2.32673978805542
qwen2model_qwen2-1p5b_pbf16_b1_s128_modeprefill.json,1275,gee,20.196567753648537,2.056534029348282,2.345625877380371
qwen2model_qwen2-1p5b_pbf16_b1_s128_modeprefill.json,1320,gee,19.757589813063607,2.1708962283254056,2.279210090637207
qwen2model_qwen2-1p5b_pbf16_b1_s128_modeprefill.json,1365,gee,19.349948010234534,2.262022647724677,2.31671404838562
qwen2model_qwen2-1p5b_pbf16_b1_s128_modeprefill.json,1410,gee,18.970589370214736,2.385358399028417,2.287255048751831
optmodel_opt-1p3b_pbf16_b2_s128_modeprefill.json,510,gee,30.3786721533778,2.437562556974088,1.8800640106201167
optmodel_opt-1p3b_pbf16_b2_s128_modeprefill.json,555,gee,28.09383191946941,2.334146010809973,1.793855905532837
optmodel_opt-1p3b_pbf16_b2_s128_modeprefill.json,600,gee,26.151123519320716,2.2464627458690942,1.8012418746948242
optmodel_opt-1p3b_pbf16_b2_s128_modeprefill.json,645,gee,24.479747944157204,2.1710754321150127,1.840848922729492
optmodel_opt-1p3b_pbf16_b2_s128_modeprefill.json,690,gee,23.02601650946428,2.112184528890769,1.790252923965454
optmodel_opt-1p3b_pbf16_b2_s128_modeprefill.json,735,gee,21.75050774805428,2.0606342462221097,1.83262300491333
optmodel_opt-1p3b_pbf16_b2_s128_modeprefill.json,780,gee,20.62208885878533,2.007078021164486,1.8038852214813232
optmodel_opt-1p3b_pbf16_b2_s128_modeprefill.json,825,gee,19.684151193416017,1.974520309368382,1.7883689403533936
optmodel_opt-1p3b_pbf16_b2_s128_modeprefill.json,870,gee,18.862271183351613,1.940542031462333,1.7906482219696045
optmodel_opt-1p3b_pbf16_b2_s128_modeprefill.json,915,gee,18.12186930335433,1.924229765378328,1.9352049827575684
optmodel_opt-1p3b_pbf16_b2_s128_modeprefill.json,960,gee,17.45122637640167,1.8859664913113765,1.7897911071777344
optmodel_opt-1p3b_pbf16_b2_s128_modeprefill.json,1005,gee,16.839494862027227,1.8589752432405209,1.793668270111084
optmodel_opt-1p3b_pbf16_b2_s128_modeprefill.json,1050,gee,16.281866003066348,1.878473291514096,1.8381540775299072
optmodel_opt-1p3b_pbf16_b2_s128_modeprefill.json,1095,gee,15.767845078296023,1.8990100039018665,1.786079168319702
optmodel_opt-1p3b_pbf16_b2_s128_modeprefill.json,1140,gee,15.29548359511269,1.931001992233836,1.774883270263672
optmodel_opt-1p3b_pbf16_b2_s128_modeprefill.json,1185,gee,14.859408984380666,1.9728554423379212,1.8018758296966555
optmodel_opt-1p3b_pbf16_b2_s128_modeprefill.json,1230,gee,14.454924317353788,2.049551545128214,1.799818992614746
optmodel_opt-1p3b_pbf16_b2_s128_modeprefill.json,1275,gee,14.082480898409017,2.1212685122192543,1.8002369403839111
optmodel_opt-1p3b_pbf16_b2_s128_modeprefill.json,1320,gee,13.734375323933088,2.2432395371277067,1.8004820346832275
optmodel_opt-1p3b_pbf16_b2_s128_modeprefill.json,1365,gee,13.410501597409484,2.3507570544794043,1.7842659950256348
optmodel_opt-1p3b_pbf16_b2_s128_modeprefill.json,1410,gee,13.108291020549755,2.4822643276082825,1.8554508686065676
qwen2model_qwen2-1p5b_pbf16_b1_s4096_modeprefill.json,510,gee,404.71707253161645,52.35589175508157,2.5109870433807373
qwen2model_qwen2-1p5b_pbf16_b1_s4096_modeprefill.json,555,gee,385.8638529271393,51.53806261423968,2.508822202682495
qwen2model_qwen2-1p5b_pbf16_b1_s4096_modeprefill.json,600,gee,369.7920864583194,50.84544193075573,2.525672912597656
qwen2model_qwen2-1p5b_pbf16_b1_s4096_modeprefill.json,645,gee,355.98303516086446,50.25337243849333,2.4978697299957275
qwen2model_qwen2-1p5b_pbf16_b1_s4096_modeprefill.json,690,gee,343.94686691259443,49.83838819614311,2.513033151626587
qwen2model_qwen2-1p5b_pbf16_b1_s4096_modeprefill.json,735,gee,333.40050131258374,49.48361768122952,2.507972955703736
qwen2model_qwen2-1p5b_pbf16_b1_s4096_modeprefill.json,780,gee,324.0644007363952,49.05061809568757,2.566373109817505
qwen2model_qwen2-1p5b_pbf16_b1_s4096_modeprefill.json,825,gee,315.77749456132614,48.85971202126977,2.509753942489624
qwen2model_qwen2-1p5b_pbf16_b1_s4096_modeprefill.json,870,gee,308.2815120290098,48.59870748326567,2.4973080158233643
qwen2model_qwen2-1p5b_pbf16_b1_s4096_modeprefill.json,915,gee,301.572753450732,48.60749090834272,2.506679058074951
qwen2model_qwen2-1p5b_pbf16_b1_s4096_modeprefill.json,960,gee,295.5200544808278,48.23013039370575,2.5162100791931152
qwen2model_qwen2-1p5b_pbf16_b1_s4096_modeprefill.json,1005,gee,289.9196436323273,48.01431148549903,2.513444185256958
qwen2model_qwen2-1p5b_pbf16_b1_s4096_modeprefill.json,1050,gee,284.9299136444047,49.10618124872673,2.5548691749572754
qwen2model_qwen2-1p5b_pbf16_b1_s4096_modeprefill.json,1095,gee,280.1761141262727,50.20486599575038,2.50071382522583
qwen2model_qwen2-1p5b_pbf16_b1_s4096_modeprefill.json,1140,gee,275.8820879773079,51.51307280793563,2.4863078594207764
qwen2model_qwen2-1p5b_pbf16_b1_s4096_modeprefill.json,1185,gee,271.9923918671853,53.26778802286634,2.4949209690093994
qwen2model_qwen2-1p5b_pbf16_b1_s4096_modeprefill.json,1230,gee,268.63516817337666,55.955887009528766,2.4878299236297607
qwen2model_qwen2-1p5b_pbf16_b1_s4096_modeprefill.json,1275,gee,265.57757234903363,58.584631644472026,2.498739242553711
qwen2model_qwen2-1p5b_pbf16_b1_s4096_modeprefill.json,1320,gee,262.59074301790133,62.46618764346837,2.522156000137329
qwen2model_qwen2-1p5b_pbf16_b1_s4096_modeprefill.json,1365,gee,259.9061229589996,66.13660238662115,2.3066399097442627
qwen2model_qwen2-1p5b_pbf16_b1_s4096_modeprefill.json,1410,gee,257.47459257790854,70.3355446364691,2.4120290279388428
optmodel_opt-1p3b_pbf16_b8_s2048_modeprefill.json,510,gee,1263.9608537029376,175.7187687528559,1.750115156173706
optmodel_opt-1p3b_pbf16_b8_s2048_modeprefill.json,555,gee,1210.854044143754,173.38640615987018,1.7457962036132812
optmodel_opt-1p3b_pbf16_b8_s2048_modeprefill.json,600,gee,1166.9398257224984,171.50627110612857,1.7202670574188232
optmodel_opt-1p3b_pbf16_b8_s2048_modeprefill.json,645,gee,1129.2265878543938,169.90253103442456,1.7314801216125488
optmodel_opt-1p3b_pbf16_b8_s2048_modeprefill.json,690,gee,1096.3293324135425,168.82658915690726,1.762516975402832
optmodel_opt-1p3b_pbf16_b8_s2048_modeprefill.json,735,gee,1067.5185766672444,167.91650426604645,1.722965955734253
optmodel_opt-1p3b_pbf16_b8_s2048_modeprefill.json,780,gee,1042.0079990237912,166.73142579067218,1.7002999782562256
optmodel_opt-1p3b_pbf16_b8_s2048_modeprefill.json,825,gee,1019.3803612958816,166.3047795381996,1.7177159786224363
optmodel_opt-1p3b_pbf16_b8_s2048_modeprefill.json,870,gee,998.8510408343996,165.6346399322867,1.7300300598144531
optmodel_opt-1p3b_pbf16_b8_s2048_modeprefill.json,915,gee,980.526799696322,165.82813041795163,1.7258639335632324
optmodel_opt-1p3b_pbf16_b8_s2048_modeprefill.json,960,gee,964.0192974114184,164.75373690375463,1.7382831573486328
optmodel_opt-1p3b_pbf16_b8_s2048_modeprefill.json,1005,gee,948.6629181612522,164.19013833363277,1.7797808647155762
optmodel_opt-1p3b_pbf16_b8_s2048_modeprefill.json,1050,gee,935.0990639308844,168.1700213995065,1.6231389045715332
optmodel_opt-1p3b_pbf16_b8_s2048_modeprefill.json,1095,gee,922.0150644254504,172.16739411531228,1.7247819900512695
optmodel_opt-1p3b_pbf16_b8_s2048_modeprefill.json,1140,gee,910.271956979182,176.85653742223255,1.7268638610839844
optmodel_opt-1p3b_pbf16_b8_s2048_modeprefill.json,1185,gee,899.5381373667425,183.1418883538111,1.7300710678100586
optmodel_opt-1p3b_pbf16_b8_s2048_modeprefill.json,1230,gee,889.4989622183022,192.60090088231703,1.7282919883728027
optmodel_opt-1p3b_pbf16_b8_s2048_modeprefill.json,1275,gee,880.366238101758,201.87914623307887,1.732464075088501
optmodel_opt-1p3b_pbf16_b8_s2048_modeprefill.json,1320,gee,871.3739094190453,215.46002357744013,1.711597204208374
optmodel_opt-1p3b_pbf16_b8_s2048_modeprefill.json,1365,gee,863.339796782915,228.36822576894716,1.764158010482788
optmodel_opt-1p3b_pbf16_b8_s2048_modeprefill.json,1410,gee,856.1007028859258,243.05941052915148,1.7014520168304443
gpt2model_gpt2_pbf16_b32_s512_modeprefill.json,510,gee_attack_mean,90.7455381210582,18.71144150098914,3.3435367402576265e-06
gpt2model_gpt2_pbf16_b32_s512_modeprefill.json,555,gee_attack_mean,85.02638919540128,18.172536679708124,3.3435367402576265e-06
gpt2model_gpt2_pbf16_b32_s512_modeprefill.json,600,gee_attack_mean,80.17880339368139,17.721594038032144,3.3435367402576265e-06
gpt2model_gpt2_pbf16_b32_s512_modeprefill.json,645,gee_attack_mean,76.01000869091695,17.334575646418735,3.3435367402576265e-06
gpt2model_gpt2_pbf16_b32_s512_modeprefill.json,690,gee_attack_mean,72.38161653567253,17.042565274657196,3.3435367402576265e-06
gpt2model_gpt2_pbf16_b32_s512_modeprefill.json,735,gee_attack_mean,69.2399876013452,16.793910314991557,3.3435367402576265e-06
gpt2model_gpt2_pbf16_b32_s512_modeprefill.json,780,gee_attack_mean,66.46146440864136,16.521061639633828,3.3435367402576265e-06
gpt2model_gpt2_pbf16_b32_s512_modeprefill.json,825,gee_attack_mean,64.08454517186979,16.370126392066773,3.3435367402576265e-06
gpt2model_gpt2_pbf16_b32_s512_modeprefill.json,870,gee_attack_mean,61.97747791539509,16.198871817683255,3.3435367402576265e-06
gpt2model_gpt2_pbf16_b32_s512_modeprefill.json,915,gee_attack_mean,60.08520715542125,16.14665939303188,3.3435367402576265e-06
gpt2model_gpt2_pbf16_b32_s512_modeprefill.json,960,gee_attack_mean,58.38939498513256,15.936938305231736,3.3435367402576265e-06
gpt2model_gpt2_pbf16_b32_s512_modeprefill.json,1005,gee_attack_mean,56.85463747470365,15.8028520263513,3.3435367402576265e-06
gpt2model_gpt2_pbf16_b32_s512_modeprefill.json,1050,gee_attack_mean,55.47082789371143,16.092631996409676,3.3435367402576265e-06
gpt2model_gpt2_pbf16_b32_s512_modeprefill.json,1095,gee_attack_mean,54.18827545035382,16.388096261098255,3.3435367402576265e-06
gpt2model_gpt2_pbf16_b32_s512_modeprefill.json,1140,gee_attack_mean,53.01849923557884,16.76779903644962,3.3435367402576265e-06
gpt2model_gpt2_pbf16_b32_s512_modeprefill.json,1185,gee_attack_mean,51.944418039704495,17.26698598890077,3.3435367402576265e-06
gpt2model_gpt2_pbf16_b32_s512_modeprefill.json,1230,gee_attack_mean,50.95602764234583,18.07465231558148,3.3435367402576265e-06
gpt2model_gpt2_pbf16_b32_s512_modeprefill.json,1275,gee_attack_mean,50.04733310460802,18.850644658280004,3.3435367402576265e-06
gpt2model_gpt2_pbf16_b32_s512_modeprefill.json,1320,gee_attack_mean,49.18384549367244,20.05899549490297,3.3435367402576265e-06
gpt2model_gpt2_pbf16_b32_s512_modeprefill.json,1365,gee_attack_mean,48.390307695402015,21.16916559374878,3.3435367402576265e-06
gpt2model_gpt2_pbf16_b32_s512_modeprefill.json,1410,gee_attack_mean,47.657672249767394,22.47466492658837,3.3435367402576265e-06
gpt2model_gpt2_pbf16_b8_s128_modeprefill.json,510,gee_attack_mean,12.62461851751628,1.321380874774088,3.3435367402576265e-06
gpt2model_gpt2_pbf16_b8_s128_modeprefill.json,555,gee_attack_mean,11.828964263585233,1.2833240246844444,3.3435367402576265e-06
gpt2model_gpt2_pbf16_b8_s128_modeprefill.json,600,gee_attack_mean,11.154562824739832,1.2514789644148094,3.3435367402576265e-06
gpt2model_gpt2_pbf16_b8_s128_modeprefill.json,645,gee_attack_mean,10.57459554601772,1.2241481625181865,3.3435367402576265e-06
gpt2model_gpt2_pbf16_b8_s128_modeprefill.json,690,gee_attack_mean,10.069809660778924,1.2035267197254989,3.3435367402576265e-06
gpt2model_gpt2_pbf16_b8_s128_modeprefill.json,735,gee_attack_mean,9.632742807237724,1.1859669871895244,3.3435367402576265e-06
gpt2model_gpt2_pbf16_b8_s128_modeprefill.json,780,gee_attack_mean,9.246191621622822,1.1666987217645393,3.3435367402576265e-06
gpt2model_gpt2_pbf16_b8_s128_modeprefill.json,825,gee_attack_mean,8.915512017616777,1.1560398449776357,3.3435367402576265e-06
gpt2model_gpt2_pbf16_b8_s128_modeprefill.json,870,gee_attack_mean,8.62237451626375,1.1439460402701789,3.3435367402576265e-06
gpt2model_gpt2_pbf16_b8_s128_modeprefill.json,915,gee_attack_mean,8.359119738440393,1.140258857785801,3.3435367402576265e-06
gpt2model_gpt2_pbf16_b8_s128_modeprefill.json,960,gee_attack_mean,8.123196494493174,1.1254485913271064,3.3435367402576265e-06
gpt2model_gpt2_pbf16_b8_s128_modeprefill.json,1005,gee_attack_mean,7.909679350981279,1.1159795696874393,3.3435367402576265e-06
gpt2model_gpt2_pbf16_b8_s128_modeprefill.json,1050,gee_attack_mean,7.717162248513882,1.136443504029831,3.3435367402576265e-06
gpt2model_gpt2_pbf16_b8_s128_modeprefill.json,1095,gee_attack_mean,7.538732149785527,1.1573088568418008,3.3435367402576265e-06
gpt2model_gpt2_pbf16_b8_s128_modeprefill.json,1140,gee_attack_mean,7.375991603328054,1.1841230381768637,3.3435367402576265e-06
gpt2model_gpt2_pbf16_b8_s128_modeprefill.json,1185,gee_attack_mean,7.226564252567714,1.2193750572086863,3.3435367402576265e-06
gpt2model_gpt2_pbf16_b8_s128_modeprefill.json,1230,gee_attack_mean,7.089058299422302,1.2764115413950337,3.3435367402576265e-06
gpt2model_gpt2_pbf16_b8_s128_modeprefill.json,1275,gee_attack_mean,6.962639721435727,1.3312112445904698,3.3435367402576265e-06
gpt2model_gpt2_pbf16_b8_s128_modeprefill.json,1320,gee_attack_mean,6.842510380551544,1.416543616521646,3.3435367402576265e-06
gpt2model_gpt2_pbf16_b8_s128_modeprefill.json,1365,gee_attack_mean,6.732112534113857,1.4949425755908,3.3435367402576265e-06
gpt2model_gpt2_pbf16_b8_s128_modeprefill.json,1410,gee_attack_mean,6.6301874895876045,1.5871354646503295,3.3435367402576265e-06
optmodel_opt-1p3b_pbf16_b2_s128_modeprefill.json,510,gee_attack_mean,24.86157887973336,3.321448982149909,3.3435367402576265e-06
optmodel_opt-1p3b_pbf16_b2_s128_modeprefill.json,555,gee_attack_mean,23.29470214855481,3.2257885345021484,3.3435367402576265e-06
optmodel_opt-1p3b_pbf16_b2_s128_modeprefill.json,600,gee_attack_mean,21.96660779503456,3.1457421640435443,3.3435367402576265e-06
optmodel_opt-1p3b_pbf16_b2_s128_modeprefill.json,645,gee_attack_mean,20.824482016928208,3.0770429223079625,3.3435367402576265e-06
optmodel_opt-1p3b_pbf16_b2_s128_modeprefill.json,690,gee_attack_mean,19.830410466502517,3.025208457709749,3.3435367402576265e-06
optmodel_opt-1p3b_pbf16_b2_s128_modeprefill.json,735,gee_attack_mean,18.969697563379544,2.981069968291693,3.3435367402576265e-06
optmodel_opt-1p3b_pbf16_b2_s128_modeprefill.json,780,gee_attack_mean,18.208464835524413,2.932636876966262,3.3435367402576265e-06
optmodel_opt-1p3b_pbf16_b2_s128_modeprefill.json,825,gee_attack_mean,17.557259648808586,2.905844514422968,3.3435367402576265e-06
optmodel_opt-1p3b_pbf16_b2_s128_modeprefill.json,870,gee_attack_mean,16.97998587991137,2.875445288807742,3.3435367402576265e-06
optmodel_opt-1p3b_pbf16_b2_s128_modeprefill.json,915,gee_attack_mean,16.461559963497244,2.8661771143218417,3.3435367402576265e-06
optmodel_opt-1p3b_pbf16_b2_s128_modeprefill.json,960,gee_attack_mean,15.996957858426248,2.828949736967065,3.3435367402576265e-06
optmodel_opt-1p3b_pbf16_b2_s128_modeprefill.json,1005,gee_attack_mean,15.576479940758391,2.8051482177477065,3.3435367402576265e-06
optmodel_opt-1p3b_pbf16_b2_s128_modeprefill.json,1050,gee_attack_mean,15.197357266908874,2.8565867660042343,3.3435367402576265e-06
optmodel_opt-1p3b_pbf16_b2_s128_modeprefill.json,1095,gee_attack_mean,14.8459760376148,2.909034327629012,3.3435367402576265e-06
optmodel_opt-1p3b_pbf16_b2_s128_modeprefill.json,1140,gee_attack_mean,14.52549214124441,2.976434981749841,3.3435367402576265e-06
optmodel_opt-1p3b_pbf16_b2_s128_modeprefill.json,1185,gee_attack_mean,14.231225834301087,3.0650451508292105,3.3435367402576265e-06
optmodel_opt-1p3b_pbf16_b2_s128_modeprefill.json,1230,gee_attack_mean,13.960436257902058,3.2084131804130664,3.3435367402576265e-06
optmodel_opt-1p3b_pbf16_b2_s128_modeprefill.json,1275,gee_attack_mean,13.711480977065955,3.3461587932604724,3.3435367402576265e-06
optmodel_opt-1p3b_pbf16_b2_s128_modeprefill.json,1320,gee_attack_mean,13.474911049822712,3.560651923368549,3.3435367402576265e-06
optmodel_opt-1p3b_pbf16_b2_s128_modeprefill.json,1365,gee_attack_mean,13.257505291101758,3.757717090401766,3.3435367402576265e-06
optmodel_opt-1p3b_pbf16_b2_s128_modeprefill.json,1410,gee_attack_mean,13.05678496590588,3.989454951433383,3.3435367402576265e-06
optmodel_opt-1p3b_pbf16_b8_s2048_modeprefill.json,510,gee_attack_mean,1373.3729244718536,290.1542176202019,3.3435367402576265e-06
optmodel_opt-1p3b_pbf16_b8_s2048_modeprefill.json,555,gee_attack_mean,1286.8174370269364,281.79753880514204,3.3435367402576265e-06
optmodel_opt-1p3b_pbf16_b8_s2048_modeprefill.json,600,gee_attack_mean,1213.4524735589273,274.8048702082216,3.3435367402576265e-06
optmodel_opt-1p3b_pbf16_b8_s2048_modeprefill.json,645,gee_attack_mean,1150.3605586173835,268.8034609305194,3.3435367402576265e-06
optmodel_opt-1p3b_pbf16_b8_s2048_modeprefill.json,690,gee_attack_mean,1095.4472741897678,264.27532016963926,3.3435367402576265e-06
optmodel_opt-1p3b_pbf16_b8_s2048_modeprefill.json,735,gee_attack_mean,1047.90082500362,260.4194822709208,3.3435367402576265e-06
optmodel_opt-1p3b_pbf16_b8_s2048_modeprefill.json,780,gee_attack_mean,1005.849737954184,256.1884777316423,3.3435367402576265e-06
optmodel_opt-1p3b_pbf16_b8_s2048_modeprefill.json,825,gee_attack_mean,969.8766577231366,253.84795796640583,3.3435367402576265e-06
optmodel_opt-1p3b_pbf16_b8_s2048_modeprefill.json,870,gee_attack_mean,937.9876064264976,251.19235085877045,3.3435367402576265e-06
optmodel_opt-1p3b_pbf16_b8_s2048_modeprefill.json,915,gee_attack_mean,909.3493562014456,250.38270424635036,3.3435367402576265e-06
optmodel_opt-1p3b_pbf16_b8_s2048_modeprefill.json,960,gee_attack_mean,883.6843751138094,247.13060535563196,3.3435367402576265e-06
optmodel_opt-1p3b_pbf16_b8_s2048_modeprefill.json,1005,gee_attack_mean,860.4568484045511,245.05135885075416,3.3435367402576265e-06
optmodel_opt-1p3b_pbf16_b8_s2048_modeprefill.json,1050,gee_attack_mean,839.5138174797233,249.54491326182665,3.3435367402576265e-06
optmodel_opt-1p3b_pbf16_b8_s2048_modeprefill.json,1095,gee_attack_mean,820.103245495757,254.12661278246003,3.3435367402576265e-06
optmodel_opt-1p3b_pbf16_b8_s2048_modeprefill.json,1140,gee_attack_mean,802.3994661769332,260.01458040400706,3.3435367402576265e-06
optmodel_opt-1p3b_pbf16_b8_s2048_modeprefill.json,1185,gee_attack_mean,786.1439668582746,267.75536294216795,3.3435367402576265e-06
optmodel_opt-1p3b_pbf16_b8_s2048_modeprefill.json,1230,gee_attack_mean,771.1853403665841,280.2796674487895,3.3435367402576265e-06
optmodel_opt-1p3b_pbf16_b8_s2048_modeprefill.json,1275,gee_attack_mean,757.4328573179992,292.31281043582527,3.3435367402576265e-06
optmodel_opt-1p3b_pbf16_b8_s2048_modeprefill.json,1320,gee_attack_mean,744.3645508201766,311.05044171840274,3.3435367402576265e-06
optmodel_opt-1p3b_pbf16_b8_s2048_modeprefill.json,1365,gee_attack_mean,732.3548878741514,328.2656058434607,3.3435367402576265e-06
optmodel_opt-1p3b_pbf16_b8_s2048_modeprefill.json,1410,gee_attack_mean,721.2669412337262,348.50969754017706,3.3435367402576265e-06
qwen2model_qwen2-1p5b_pbf16_b1_s128_modeprefill.json,510,gee_attack_mean,34.87397906144976,3.326820266975712,3.3435367402576265e-06
qwen2model_qwen2-1p5b_pbf16_b1_s128_modeprefill.json,555,gee_attack_mean,32.67608058608231,3.23100512193123,3.3435367402576265e-06
qwen2model_qwen2-1p5b_pbf16_b1_s128_modeprefill.json,600,gee_attack_mean,30.81312832145157,3.1508293043977758,3.3435367402576265e-06
qwen2model_qwen2-1p5b_pbf16_b1_s128_modeprefill.json,645,gee_attack_mean,29.2110389825604,3.0820189656088712,3.3435367402576265e-06
qwen2model_qwen2-1p5b_pbf16_b1_s128_modeprefill.json,690,gee_attack_mean,27.81662913422254,3.030100676849983,3.3435367402576265e-06
qwen2model_qwen2-1p5b_pbf16_b1_s128_modeprefill.json,735,gee_attack_mean,26.609284906141404,2.985890808825868,3.3435367402576265e-06
qwen2model_qwen2-1p5b_pbf16_b1_s128_modeprefill.json,780,gee_attack_mean,25.541484090250705,2.9373793938742416,3.3435367402576265e-06
qwen2model_qwen2-1p5b_pbf16_b1_s128_modeprefill.json,825,gee_attack_mean,24.62802174917839,2.9105437040327864,3.3435367402576265e-06
qwen2model_qwen2-1p5b_pbf16_b1_s128_modeprefill.json,870,gee_attack_mean,23.81826491810051,2.880095318276869,3.3435367402576265e-06
qwen2model_qwen2-1p5b_pbf16_b1_s128_modeprefill.json,915,gee_attack_mean,23.091055490195785,2.870812155752541,3.3435367402576265e-06
qwen2model_qwen2-1p5b_pbf16_b1_s128_modeprefill.json,960,gee_attack_mean,22.439346113147355,2.833524576104077,3.3435367402576265e-06
qwen2model_qwen2-1p5b_pbf16_b1_s128_modeprefill.json,1005,gee_attack_mean,21.8495308738383,2.809684566232085,3.3435367402576265e-06
qwen2model_qwen2-1p5b_pbf16_b1_s128_modeprefill.json,1050,gee_attack_mean,21.317725703559,2.861206298392745,3.3435367402576265e-06
qwen2model_qwen2-1p5b_pbf16_b1_s128_modeprefill.json,1095,gee_attack_mean,20.824834174333663,2.9137386756487182,3.3435367402576265e-06
qwen2model_qwen2-1p5b_pbf16_b1_s128_modeprefill.json,1140,gee_attack_mean,20.37528313231744,2.9812483268104994,3.3435367402576265e-06
qwen2model_qwen2-1p5b_pbf16_b1_s128_modeprefill.json,1185,gee_attack_mean,19.962508180393645,3.0700017919209523,3.3435367402576265e-06
qwen2model_qwen2-1p5b_pbf16_b1_s128_modeprefill.json,1230,gee_attack_mean,19.582664644989837,3.213601669269428,3.3435367402576265e-06
qwen2model_qwen2-1p5b_pbf16_b1_s128_modeprefill.json,1275,gee_attack_mean,19.233448640120848,3.351570037584126,3.3435367402576265e-06
qwen2model_qwen2-1p5b_pbf16_b1_s128_modeprefill.json,1320,gee_attack_mean,18.901605890746037,3.566410035490318,3.3435367402576265e-06
qwen2model_qwen2-1p5b_pbf16_b1_s128_modeprefill.json,1365,gee_attack_mean,18.596645215716112,3.763793886672251,3.3435367402576265e-06
qwen2model_qwen2-1p5b_pbf16_b1_s128_modeprefill.json,1410,gee_attack_mean,18.3150896294056,3.995906502837309,3.3435367402576265e-06
qwen2model_qwen2-1p5b_pbf16_b1_s4096_modeprefill.json,510,gee_attack_mean,421.0073828939192,84.93995956086319,3.3435367402576265e-06
qwen2model_qwen2-1p5b_pbf16_b1_s4096_modeprefill.json,555,gee_attack_mean,394.4738037072568,82.49361924419952,3.3435367402576265e-06
qwen2model_qwen2-1p5b_pbf16_b1_s4096_modeprefill.json,600,gee_attack_mean,371.9837788091377,80.44658028430955,3.3435367402576265e-06
qwen2model_qwen2-1p5b_pbf16_b1_s4096_modeprefill.json,645,gee_attack_mean,352.642956285263,78.68972330826014,3.3435367402576265e-06
qwen2model_qwen2-1p5b_pbf16_b1_s4096_modeprefill.json,690,gee_attack_mean,335.80929242672244,77.36415204388341,3.3435367402576265e-06
qwen2model_qwen2-1p5b_pbf16_b1_s4096_modeprefill.json,735,gee_attack_mean,321.2339314442298,76.23539121498142,3.3435367402576265e-06
qwen2model_qwen2-1p5b_pbf16_b1_s4096_modeprefill.json,780,gee_attack_mean,308.3431733762159,74.99680382715802,3.3435367402576265e-06
qwen2model_qwen2-1p5b_pbf16_b1_s4096_modeprefill.json,825,gee_attack_mean,297.3156279128958,74.3116383457077,3.3435367402576265e-06
qwen2model_qwen2-1p5b_pbf16_b1_s4096_modeprefill.json,870,gee_attack_mean,287.5400412603987,73.53423396336869,3.3435367402576265e-06
qwen2model_qwen2-1p5b_pbf16_b1_s4096_modeprefill.json,915,gee_attack_mean,278.76098747022235,73.29721741719678,3.3435367402576265e-06
qwen2model_qwen2-1p5b_pbf16_b1_s4096_modeprefill.json,960,gee_attack_mean,270.8933891455481,72.34519559055863,3.3435367402576265e-06
qwen2model_qwen2-1p5b_pbf16_b1_s4096_modeprefill.json,1005,gee_attack_mean,263.7729923059759,71.73651543595008,3.3435367402576265e-06
qwen2model_qwen2-1p5b_pbf16_b1_s4096_modeprefill.json,1050,gee_attack_mean,257.3529075042321,73.05196186678789,3.3435367402576265e-06
qwen2model_qwen2-1p5b_pbf16_b1_s4096_modeprefill.json,1095,gee_attack_mean,251.40259789361684,74.39321196197704,3.3435367402576265e-06
qwen2model_qwen2-1p5b_pbf16_b1_s4096_modeprefill.json,1140,gee_attack_mean,245.9755054662517,76.11685994397713,3.3435367402576265e-06
qwen2model_qwen2-1p5b_pbf16_b1_s4096_modeprefill.json,1185,gee_attack_mean,240.99238318108343,78.38290233051747,3.3435367402576265e-06
qwen2model_qwen2-1p5b_pbf16_b1_s4096_modeprefill.json,1230,gee_attack_mean,236.40681717877123,82.04927646440254,3.3435367402576265e-06
qwen2model_qwen2-1p5b_pbf16_b1_s4096_modeprefill.json,1275,gee_attack_mean,232.1909943724462,85.5718676129716,3.3435367402576265e-06
qwen2model_qwen2-1p5b_pbf16_b1_s4096_modeprefill.json,1320,gee_attack_mean,228.18490584436515,91.0571356075654,3.3435367402576265e-06
qwen2model_qwen2-1p5b_pbf16_b1_s4096_modeprefill.json,1365,gee_attack_mean,224.5033444299455,96.09671544414068,3.3435367402576265e-06
qwen2model_qwen2-1p5b_pbf16_b1_s4096_modeprefill.json,1410,gee_attack_mean,221.10433509055,102.02298577089591,3.3435367402576265e-06
gpt2model_gpt2_pbf16_b32_s512_modeprefill.json,510,gee_attack_bro,97.71780012579757,14.419047988629329,1.3722313774956598e-05
gpt2model_gpt2_pbf16_b32_s512_modeprefill.json,555,gee_attack_bro,91.47676879950404,13.924668875397485,1.3722313774956598e-05
gpt2model_gpt2_pbf16_b32_s512_modeprefill.json,600,gee_attack_bro,86.18483615263214,13.507954857246716,1.3722313774956598e-05
gpt2model_gpt2_pbf16_b32_s512_modeprefill.json,645,gee_attack_bro,81.63377012778751,13.150074808383394,1.3722313774956598e-05
gpt2model_gpt2_pbf16_b32_s512_modeprefill.json,690,gee_attack_bro,77.67286578229043,12.876780305995847,1.3722313774956598e-05
gpt2model_gpt2_pbf16_b32_s512_modeprefill.json,735,gee_attack_bro,74.24570462850495,12.64457661704136,1.3722313774956598e-05
gpt2model_gpt2_pbf16_b32_s512_modeprefill.json,780,gee_attack_bro,71.21479412866208,12.394208009729851,1.3722313774956598e-05
gpt2model_gpt2_pbf16_b32_s512_modeprefill.json,825,gee_attack_bro,68.62659790669775,12.2510760017387,1.3722313774956598e-05
gpt2model_gpt2_pbf16_b32_s512_modeprefill.json,870,gee_attack_bro,66.33452660812858,12.093162041290094,1.3722313774956598e-05
gpt2model_gpt2_pbf16_b32_s512_modeprefill.json,915,gee_attack_bro,64.27575296960336,12.036217770663136,1.3722313774956598e-05
gpt2model_gpt2_pbf16_b32_s512_modeprefill.json,960,gee_attack_bro,62.43152145081777,11.848579052933744,1.3722313774956598e-05
gpt2model_gpt2_pbf16_b32_s512_modeprefill.json,1005,gee_attack_bro,60.764400701192926,11.726272993383857,1.3722313774956598e-05
gpt2model_gpt2_pbf16_b32_s512_modeprefill.json,1050,gee_attack_bro,59.2605480689172,11.909824541155212,1.3722313774956598e-05
gpt2model_gpt2_pbf16_b32_s512_modeprefill.json,1095,gee_attack_bro,57.86857185488967,12.098503099769497,1.3722313774956598e-05
gpt2model_gpt2_pbf16_b32_s512_modeprefill.json,1140,gee_attack_bro,56.59847627949528,12.35652802638572,1.3722313774956598e-05
gpt2model_gpt2_pbf16_b32_s512_modeprefill.json,1185,gee_attack_bro,55.43225754270918,12.68799662339442,1.3722313774956598e-05
gpt2model_gpt2_pbf16_b32_s512_modeprefill.json,1230,gee_attack_bro,54.35948999398976,13.247918642780055,1.3722313774956598e-05
gpt2model_gpt2_pbf16_b32_s512_modeprefill.json,1275,gee_attack_bro,53.37215507035672,13.777962651843406,1.3722313774956598e-05
gpt2model_gpt2_pbf16_b32_s512_modeprefill.json,1320,gee_attack_bro,52.43487162199317,14.635232301807797,1.3722313774956598e-05
gpt2model_gpt2_pbf16_b32_s512_modeprefill.json,1365,gee_attack_bro,51.57284193159945,15.405767063053217,1.3722313774956598e-05
gpt2model_gpt2_pbf16_b32_s512_modeprefill.json,1410,gee_attack_bro,50.77646042893877,16.33176246952917,1.3722313774956598e-05
gpt2model_gpt2_pbf16_b8_s128_modeprefill.json,510,gee_attack_bro,13.594607233618028,1.0182568907701408,1.3722313774956598e-05
gpt2model_gpt2_pbf16_b8_s128_modeprefill.json,555,gee_attack_bro,12.726348129294744,0.9833443959162408,1.3722313774956598e-05
gpt2model_gpt2_pbf16_b8_s128_modeprefill.json,600,gee_attack_bro,11.990128671341644,0.9539165223980206,1.3722313774956598e-05
gpt2model_gpt2_pbf16_b8_s128_modeprefill.json,645,gee_attack_bro,11.356979388177498,0.9286434373710754,1.3722313774956598e-05
gpt2model_gpt2_pbf16_b8_s128_modeprefill.json,690,gee_attack_bro,10.805934043341209,0.9093436881445544,1.3722313774956598e-05
gpt2model_gpt2_pbf16_b8_s128_modeprefill.json,735,gee_attack_bro,10.329143635124408,0.892945725773765,1.3722313774956598e-05
gpt2model_gpt2_pbf16_b8_s128_modeprefill.json,780,gee_attack_bro,9.907480051288417,0.8752649773756384,1.3722313774956598e-05
gpt2model_gpt2_pbf16_b8_s128_modeprefill.json,825,gee_attack_bro,9.5474073620154,0.8651571565582247,1.3722313774956598e-05
gpt2model_gpt2_pbf16_b8_s128_modeprefill.json,870,gee_attack_bro,9.228531895975612,0.8540054509461482,1.3722313774956598e-05
gpt2model_gpt2_pbf16_b8_s128_modeprefill.json,915,gee_attack_bro,8.94211305557349,0.8499841108409272,1.3722313774956598e-05
gpt2model_gpt2_pbf16_b8_s128_modeprefill.json,960,gee_attack_bro,8.685541549527787,0.8367332764270395,1.3722313774956598e-05
gpt2model_gpt2_pbf16_b8_s128_modeprefill.json,1005,gee_attack_bro,8.453609887404937,0.8280961605773783,1.3722313774956598e-05
gpt2model_gpt2_pbf16_b8_s128_modeprefill.json,1050,gee_attack_bro,8.244392264344329,0.8410583636629841,1.3722313774956598e-05
gpt2model_gpt2_pbf16_b8_s128_modeprefill.json,1095,gee_attack_bro,8.050739010956697,0.8543826304662486,1.3722313774956598e-05
gpt2model_gpt2_pbf16_b8_s128_modeprefill.json,1140,gee_attack_bro,7.874041925324247,0.8726040594901774,1.3722313774956598e-05
gpt2model_gpt2_pbf16_b8_s128_modeprefill.json,1185,gee_attack_bro,7.711796299095626,0.896011997603996,1.3722313774956598e-05
gpt2model_gpt2_pbf16_b8_s128_modeprefill.json,1230,gee_attack_bro,7.562551704364296,0.93555305849671,1.3722313774956598e-05
gpt2model_gpt2_pbf16_b8_s128_modeprefill.json,1275,gee_attack_bro,7.425192589878031,0.9729841680308348,1.3722313774956598e-05
gpt2model_gpt2_pbf16_b8_s128_modeprefill.json,1320,gee_attack_bro,7.294796691375709,1.0335235829084828,1.3722313774956598e-05
gpt2model_gpt2_pbf16_b8_s128_modeprefill.json,1365,gee_attack_bro,7.17487017799193,1.0879378778629625,1.3722313774956598e-05
gpt2model_gpt2_pbf16_b8_s128_modeprefill.json,1410,gee_attack_bro,7.064076712289132,1.1533306280784552,1.3722313774956598e-05
optmodel_opt-1p3b_pbf16_b2_s128_modeprefill.json,510,gee_attack_bro,26.771771329854168,2.55951056805922,1.3722313774956598e-05
optmodel_opt-1p3b_pbf16_b2_s128_modeprefill.json,555,gee_attack_bro,25.061914340494084,2.4717538336380223,1.3722313774956598e-05
optmodel_opt-1p3b_pbf16_b2_s128_modeprefill.json,600,gee_attack_bro,23.612082165264404,2.397783351387293,1.3722313774956598e-05
optmodel_opt-1p3b_pbf16_b2_s128_modeprefill.json,645,gee_attack_bro,22.365225412785765,2.3342564272876185,1.3722313774956598e-05
optmodel_opt-1p3b_pbf16_b2_s128_modeprefill.json,690,gee_attack_bro,21.28005541038536,2.2857441976587958,1.3722313774956598e-05
optmodel_opt-1p3b_pbf16_b2_s128_modeprefill.json,735,gee_attack_bro,20.341115170208163,2.2445259566008544,1.3722313774956598e-05
optmodel_opt-1p3b_pbf16_b2_s128_modeprefill.json,780,gee_attack_bro,19.510735825620092,2.200083279329136,1.3722313774956598e-05
optmodel_opt-1p3b_pbf16_b2_s128_modeprefill.json,825,gee_attack_bro,18.80164702785736,2.174676061919929,1.3722313774956598e-05
optmodel_opt-1p3b_pbf16_b2_s128_modeprefill.json,870,gee_attack_bro,18.17368765302473,2.146644915138878,1.3722313774956598e-05
optmodel_opt-1p3b_pbf16_b2_s128_modeprefill.json,915,gee_attack_bro,17.60964489930356,2.1365367954783383,1.3722313774956598e-05
optmodel_opt-1p3b_pbf16_b2_s128_modeprefill.json,960,gee_attack_bro,17.1043803063975,2.103229237213452,1.3722313774956598e-05
optmodel_opt-1p3b_pbf16_b2_s128_modeprefill.json,1005,gee_attack_bro,16.64763879737095,2.0815188127663955,1.3722313774956598e-05
optmodel_opt-1p3b_pbf16_b2_s128_modeprefill.json,1050,gee_attack_bro,16.235627897276444,2.114100861641945,1.3722313774956598e-05
optmodel_opt-1p3b_pbf16_b2_s128_modeprefill.json,1095,gee_attack_bro,15.8542678088323,2.1475930010065043,1.3722313774956598e-05
optmodel_opt-1p3b_pbf16_b2_s128_modeprefill.json,1140,gee_attack_bro,15.506299390921289,2.193394743744148,1.3722313774956598e-05
optmodel_opt-1p3b_pbf16_b2_s128_modeprefill.json,1185,gee_attack_bro,15.18679013772857,2.252233397842016,1.3722313774956598e-05
optmodel_opt-1p3b_pbf16_b2_s128_modeprefill.json,1230,gee_attack_bro,14.892883731040824,2.3516245869854835,1.3722313774956598e-05
optmodel_opt-1p3b_pbf16_b2_s128_modeprefill.json,1275,gee_attack_bro,14.622383323055232,2.4457121608533257,1.3722313774956598e-05
optmodel_opt-1p3b_pbf16_b2_s128_modeprefill.json,1320,gee_attack_bro,14.365595530876703,2.597885225988457,1.3722313774956598e-05
optmodel_opt-1p3b_pbf16_b2_s128_modeprefill.json,1365,gee_attack_bro,14.1294250305067,2.734662069093486,1.3722313774956598e-05
optmodel_opt-1p3b_pbf16_b2_s128_modeprefill.json,1410,gee_attack_bro,13.9112401813481,2.899034573486185,1.3722313774956598e-05
optmodel_opt-1p3b_pbf16_b8_s2048_modeprefill.json,510,gee_attack_bro,1478.89343884534,223.59301327734283,1.3722313774956598e-05
optmodel_opt-1p3b_pbf16_b8_s2048_modeprefill.json,555,gee_attack_bro,1384.4396109020006,215.92678484700133,1.3722313774956598e-05
optmodel_opt-1p3b_pbf16_b8_s2048_modeprefill.json,600,gee_attack_bro,1304.3497556228683,209.46489200451165,1.3722313774956598e-05
optmodel_opt-1p3b_pbf16_b8_s2048_modeprefill.json,645,gee_attack_bro,1235.4724203243857,203.9153246141891,1.3722313774956598e-05
optmodel_opt-1p3b_pbf16_b8_s2048_modeprefill.json,690,gee_attack_bro,1175.5267866639,199.6774067329842,1.3722313774956598e-05
optmodel_opt-1p3b_pbf16_b8_s2048_modeprefill.json,735,gee_attack_bro,1123.6589986286174,196.0766750793833,1.3722313774956598e-05
optmodel_opt-1p3b_pbf16_b8_s2048_modeprefill.json,780,gee_attack_bro,1077.788198772556,192.19426402263545,1.3722313774956598e-05
optmodel_opt-1p3b_pbf16_b8_s2048_modeprefill.json,825,gee_attack_bro,1038.6175829156723,189.97474738128608,1.3722313774956598e-05
optmodel_opt-1p3b_pbf16_b8_s2048_modeprefill.json,870,gee_attack_bro,1003.9286193854264,187.5260102466912,1.3722313774956598e-05
optmodel_opt-1p3b_pbf16_b8_s2048_modeprefill.json,915,gee_attack_bro,972.770459642134,186.64298793700723,1.3722313774956598e-05
optmodel_opt-1p3b_pbf16_b8_s2048_modeprefill.json,960,gee_attack_bro,944.8592511485678,183.73331551357845,1.3722313774956598e-05
optmodel_opt-1p3b_pbf16_b8_s2048_modeprefill.json,1005,gee_attack_bro,919.628495490856,181.8367422849989,1.3722313774956598e-05
optmodel_opt-1p3b_pbf16_b8_s2048_modeprefill.json,1050,gee_attack_bro,896.8686934077174,184.68303586071087,1.3722313774956598e-05
optmodel_opt-1p3b_pbf16_b8_s2048_modeprefill.json,1095,gee_attack_bro,875.8020659631375,187.60883286857583,1.3722313774956598e-05
optmodel_opt-1p3b_pbf16_b8_s2048_modeprefill.json,1140,gee_attack_bro,856.5800203303135,191.60996878880323,1.3722313774956598e-05
optmodel_opt-1p3b_pbf16_b8_s2048_modeprefill.json,1185,gee_attack_bro,838.9300810575182,196.74997959051728,1.3722313774956598e-05
optmodel_opt-1p3b_pbf16_b8_s2048_modeprefill.json,1230,gee_attack_bro,822.6944629084712,205.432567484912,1.3722313774956598e-05
optmodel_opt-1p3b_pbf16_b8_s2048_modeprefill.json,1275,gee_attack_bro,807.7518103045032,213.6518436291856,1.3722313774956598e-05
optmodel_opt-1p3b_pbf16_b8_s2048_modeprefill.json,1320,gee_attack_bro,793.5666532467437,226.94533598581737,1.3722313774956598e-05
optmodel_opt-1p3b_pbf16_b8_s2048_modeprefill.json,1365,gee_attack_bro,780.5204113995883,238.89384945478315,1.3722313774956598e-05
optmodel_opt-1p3b_pbf16_b8_s2048_modeprefill.json,1410,gee_attack_bro,768.4677108927566,253.253057037573,1.3722313774956598e-05
qwen2model_qwen2-1p5b_pbf16_b1_s128_modeprefill.json,510,gee_attack_bro,37.55345536627755,2.5636496833518474,1.3722313774956598e-05
qwen2model_qwen2-1p5b_pbf16_b1_s128_modeprefill.json,555,gee_attack_bro,35.15499478847306,2.47575103303235,1.3722313774956598e-05
qwen2model_qwen2-1p5b_pbf16_b1_s128_modeprefill.json,600,gee_attack_bro,33.121277735901124,2.401660929335979,1.3722313774956598e-05
qwen2model_qwen2-1p5b_pbf16_b1_s128_modeprefill.json,645,gee_attack_bro,31.372279553246937,2.338031272602059,1.3722313774956598e-05
qwen2model_qwen2-1p5b_pbf16_b1_s128_modeprefill.json,690,gee_attack_bro,29.850083552546643,2.289440591368448,1.3722313774956598e-05
qwen2model_qwen2-1p5b_pbf16_b1_s128_modeprefill.json,735,gee_attack_bro,28.533007817562453,2.248155694187252,1.3722313774956598e-05
qwen2model_qwen2-1p5b_pbf16_b1_s128_modeprefill.json,780,gee_attack_bro,27.36821325578861,2.203641146391755,1.3722313774956598e-05
qwen2model_qwen2-1p5b_pbf16_b1_s128_modeprefill.json,825,gee_attack_bro,26.37355607791949,2.1781928416733445,1.3722313774956598e-05
qwen2model_qwen2-1p5b_pbf16_b1_s128_modeprefill.json,870,gee_attack_bro,25.49270123779483,2.150116364292858,1.3722313774956598e-05
qwen2model_qwen2-1p5b_pbf16_b1_s128_modeprefill.json,915,gee_attack_bro,24.701503893563835,2.13999189827564,1.3722313774956598e-05
qwen2model_qwen2-1p5b_pbf16_b1_s128_modeprefill.json,960,gee_attack_bro,23.992756194202634,2.1066304766567616,1.3722313774956598e-05
qwen2model_qwen2-1p5b_pbf16_b1_s128_modeprefill.json,1005,gee_attack_bro,23.352073078325738,2.0848849431732512,1.3722313774956598e-05
qwen2model_qwen2-1p5b_pbf16_b1_s128_modeprefill.json,1050,gee_attack_bro,22.774134743335367,2.117519682144497,1.3722313774956598e-05
qwen2model_qwen2-1p5b_pbf16_b1_s128_modeprefill.json,1095,gee_attack_bro,22.239191093794457,2.151065983358574,1.3722313774956598e-05
qwen2model_qwen2-1p5b_pbf16_b1_s128_modeprefill.json,1140,gee_attack_bro,21.75108680327546,2.196941794434188,1.3722313774956598e-05
qwen2model_qwen2-1p5b_pbf16_b1_s128_modeprefill.json,1185,gee_attack_bro,21.30290291842712,2.25587559952538,1.3722313774956598e-05
qwen2model_qwen2-1p5b_pbf16_b1_s128_modeprefill.json,1230,gee_attack_bro,20.890632807890828,2.355427519238227,1.3722313774956598e-05
qwen2model_qwen2-1p5b_pbf16_b1_s128_modeprefill.json,1275,gee_attack_bro,20.511194896492004,2.44966724692825,1.3722313774956598e-05
qwen2model_qwen2-1p5b_pbf16_b1_s128_modeprefill.json,1320,gee_attack_bro,20.15099202558866,2.6020863989007976,1.3722313774956598e-05
qwen2model_qwen2-1p5b_pbf16_b1_s128_modeprefill.json,1365,gee_attack_bro,19.819709562609223,2.73908443082608,1.3722313774956598e-05
qwen2model_qwen2-1p5b_pbf16_b1_s128_modeprefill.json,1410,gee_attack_bro,19.513656037292485,2.903722750392628,1.3722313774956598e-05
qwen2model_qwen2-1p5b_pbf16_b1_s4096_modeprefill.json,510,gee_attack_bro,453.3546898827226,65.45478353421231,1.3722313774956598e-05
qwen2model_qwen2-1p5b_pbf16_b1_s4096_modeprefill.json,555,gee_attack_bro,424.3998749172024,63.21056617215454,1.3722313774956598e-05
qwen2model_qwen2-1p5b_pbf16_b1_s4096_modeprefill.json,600,gee_attack_bro,399.8483348608939,61.318906897891786,1.3722313774956598e-05
qwen2model_qwen2-1p5b_pbf16_b1_s4096_modeprefill.json,645,gee_attack_bro,378.73399209352607,59.69432244904088,1.3722313774956598e-05
qwen2model_qwen2-1p5b_pbf16_b1_s4096_modeprefill.json,690,gee_attack_bro,360.3576618968141,58.45371124440562,1.3722313774956598e-05
qwen2model_qwen2-1p5b_pbf16_b1_s4096_modeprefill.json,735,gee_attack_bro,344.45759476418993,57.399630405757534,1.3722313774956598e-05
qwen2model_qwen2-1p5b_pbf16_b1_s4096_modeprefill.json,780,gee_attack_bro,330.39590397756115,56.26309053098492,1.3722313774956598e-05
qwen2model_qwen2-1p5b_pbf16_b1_s4096_modeprefill.json,825,gee_attack_bro,318.3881541709371,55.6133475932219,1.3722313774956598e-05
qwen2model_qwen2-1p5b_pbf16_b1_s4096_modeprefill.json,870,gee_attack_bro,307.75425460080567,54.89650247929034,1.3722313774956598e-05
qwen2model_qwen2-1p5b_pbf16_b1_s4096_modeprefill.json,915,gee_attack_bro,298.20272270763195,54.63800587741062,1.3722313774956598e-05
qwen2model_qwen2-1p5b_pbf16_b1_s4096_modeprefill.json,960,gee_attack_bro,289.6465435141316,53.7862262272354,1.3722313774956598e-05
qwen2model_qwen2-1p5b_pbf16_b1_s4096_modeprefill.json,1005,gee_attack_bro,281.912056967461,53.231021982192765,1.3722313774956598e-05
qwen2model_qwen2-1p5b_pbf16_b1_s4096_modeprefill.json,1050,gee_attack_bro,274.9350410823614,54.064248061766,1.3722313774956598e-05
qwen2model_qwen2-1p5b_pbf16_b1_s4096_modeprefill.json,1095,gee_attack_bro,268.4770677753264,54.920748034675725,1.3722313774956598e-05
qwen2model_qwen2-1p5b_pbf16_b1_s4096_modeprefill.json,1140,gee_attack_bro,262.584550905697,56.09204351350445,1.3722313774956598e-05
qwen2model_qwen2-1p5b_pbf16_b1_s4096_modeprefill.json,1185,gee_attack_bro,257.17396314102723,57.596734064690814,1.3722313774956598e-05
qwen2model_qwen2-1p5b_pbf16_b1_s4096_modeprefill.json,1230,gee_attack_bro,252.1969354271425,60.13848124549133,1.3722313774956598e-05
qwen2model_qwen2-1p5b_pbf16_b1_s4096_modeprefill.json,1275,gee_attack_bro,247.61626621909852,62.5445982030191,1.3722313774956598e-05
qwen2model_qwen2-1p5b_pbf16_b1_s4096_modeprefill.json,1320,gee_attack_bro,243.26780722270237,66.43614495514299,1.3722313774956598e-05
qwen2model_qwen2-1p5b_pbf16_b1_s4096_modeprefill.json,1365,gee_attack_bro,239.26848261188388,69.93396159620539,1.3722313774956598e-05
qwen2model_qwen2-1p5b_pbf16_b1_s4096_modeprefill.json,1410,gee_attack_bro,235.57372803592864,74.1374866092545,1.3722313774956598e-05
